{
  "books": [
    {
      "id": 1,
      "no_of_chapters": 6,
      "author": "Xyz",
      "cover_photo": "",
      "book_name": "Full-Stack Webt",
      "category": "Novel",
      "release_year": 2019,
      "chapters": [
        {
          "name": "HTML",
          "pages": 20
        },
        {
          "name": "CSS",
          "pages": 25
        }
      ]
    },
    {
      "id": 2,
      "no_of_chapters": 6,
      "author": "Masai",
      "cover_photo": "",
      "book_name": "Stack Web Development",
      "category": "Science_Fiction",
      "release_year": 2020,
      "chapters": [
        {
          "name": "HTML",
          "pages": 20
        },
        {
          "name": "CSS",
          "pages": 25
        }
      ]
    },
    {
      "id": 3,
      "no_of_chapters": 6,
      "author": "Saurav",
      "cover_photo": "",
      "book_name": "Full-Stack Web Development",
      "category": "Novel",
      "release_year": 2021,
      "chapters": [
        {
          "name": "HTML",
          "pages": 20
        },
        {
          "name": "CSS",
          "pages": 25
        }
      ]
    },
    {
      "id": 4,
      "no_of_chapters": 6,
      "author": "Amit",
      "cover_photo": "",
      "book_name": "sdjfsdjft",
      "category": "Science_Fiction",
      "release_year": 2022,
      "chapters": [
        {
          "name": "HTML",
          "pages": 20
        },
        {
          "name": "CSS",
          "pages": 25
        }
      ]
    },
    {
      "id": 5,
      "no_of_chapters": 6,
      "author": "Masai",
      "cover_photo": "",
      "book_name": "Full-Stack Web Development",
      "category": "Thriller",
      "release_year": 2018,
      "chapters": [
        {
          "name": "HTML",
          "pages": 20
        },
        {
          "name": "CSS",
          "pages": 25
        }
      ]
    },
    {
      "id": 6,
      "no_of_chapters": 6,
      "author": "Masai",
      "cover_photo": "",
      "book_name": "Full-Stack Web Development",
      "category": "Thriller",
      "release_year": 2017,
      "chapters": [
        {
          "name": "HTML",
          "pages": 20
        },
        {
          "name": "CSS",
          "pages": 25
        }
      ]
    },
    {
      "id": 7,
      "no_of_chapters": 6,
      "author": "Masai",
      "cover_photo": "",
      "book_name": "Full-Stack Web Development",
      "category": "Novel",
      "release_year": 2016,
      "chapters": [
        {
          "name": "HTML",
          "pages": 20
        },
        {
          "name": "CSS",
          "pages": 25
        }
      ]
    },
    {
      "id": 8,
      "no_of_chapters": 6,
      "author": "Masai",
      "cover_photo": "",
      "book_name": "Full-Stack Web Development",
      "category": "Science_Fiction",
      "release_year": 2015,
      "chapters": [
        {
          "name": "HTML",
          "pages": 20
        },
        {
          "name": "CSS",
          "pages": 25
        }
      ]
    },
    {
      "id": 9,
      "no_of_chapters": 6,
      "author": "Masai",
      "cover_photo": "",
      "book_name": "Full-Stack Web Development",
      "category": "Motivational",
      "release_year": 2014,
      "chapters": [
        {
          "name": "HTML",
          "pages": 20
        },
        {
          "name": "CSS",
          "pages": 25
        }
      ]
    },
    {
      "id": 10,
      "no_of_chapters": 6,
      "author": "Masai",
      "cover_photo": "",
      "book_name": "Full-Stack Web Development",
      "category": "Motivational",
      "release_year": 2013,
      "chapters": [
        {
          "name": "HTML",
          "pages": 20
        },
        {
          "name": "CSS",
          "pages": 25
        }
      ]
    }
  ]
}